{
	"anti-aliasing" : 1,
	"ambient" : 0.000000,
	"cube" :
	{
		"name": "62",
		"radius" : 1.000000,
		"angle" : 0,
		"pos" :
		{
			"x" : 6000.000000,
			"y" : 6000.000000,
			"z" : -60000.000000
		},
		"ind_refrac" : 0.000000,
		"ind_reflec" : 0.000000,
		"ind_transp" : 0.000000,
		"negatif" : 0,
		"color" :
		{
			"r" : 0,
			"g" : 0,
			"b" : 0
		},
		"dir" :
		{
			"x" : 0.000000,
			"y" : 0.000000,
			"z" : 1.000000
		},

	},
	"light" :
	{
		"name": "light2",
		"pos" :
		{
			"x" : 70.000000,
			"y" : 70.000000,
			"z" : -250.000000,
		},
		"color" :
		{
			"r" : 255,
			"g" : 255,
			"b" : 255,
		},
	},
	"light" :
	{
		"name": "light3",
		"pos" :
		{
			"x" : 0.000000,
			"y" : 70.000000,
			"z" : -350.000000,
		},
		"color" :
		{
			"r" : 255,
			"g" : 255,
			"b" : 255,
		},
	},
	"light" :
	{
		"name": "light1",
		"pos" :
		{
			"x" : -70.000000,
			"y" : 70.000000,
			"z" : -250.000000,
		},
		"color" :
		{
			"r" : 255,
			"g" : 255,
			"b" : 255,
		},
	},
	"camera" :
	{
		"pos" :
		{
			"x" : 0.000000,
			"y" : 150.000000,
			"z" : -700.000000,
		},
		"dir" :
		{
			"x" : 0.000000,
			"y" : 0.000000,
			"z" : 0.000000,
		},
		"up" :
		{
			"x" : 0.000000,
			"y" : -1.000000,
			"z" : 0.000000,
		},
		"fov" : 60.000000,
		"dist" : 150.000000,
	},
	"image size" : [800, 500]
}