{
	"anti-aliasing" : 1,
	"ambient" : 0.240000,
	"cube" :
	{
		"name": "cube_center",
		"radius" : 500.000000,
		"angle" : 0,
		"pos" :
		{
			"x" : 0.000000,
			"y" : 0.000000,
			"z" : 0.000000
		},
		"ind_refrac" : 1.330000,
		"ind_reflec" : 0.000000,
		"ind_transp" : 0.000000,
		"negatif" : 0,
		"color" :
		{
			"r" : 255,
			"g" : 125,
			"b" : 30
		},
		"dir" :
		{
			"x" : 0.000000,
			"y" : 1.000000,
			"z" : 0.000000
		},

	},
	"light" :
	{
		"name": "light1",
		"pos" :
		{
			"x" : 0.000000,
			"y" : 0.000000,
			"z" : 450.000000,
		},
		"color" :
		{
			"r" : 255,
			"g" : 255,
			"b" : 255,
		},
	},
	"light" :
	{
		"name": "light3",
		"pos" :
		{
			"x" : 0.000000,
			"y" : 450.000000,
			"z" : 0.000000,
		},
		"color" :
		{
			"r" : 255,
			"g" : 255,
			"b" : 255,
		},
	},
	"light" :
	{
		"name": "light2",
		"pos" :
		{
			"x" : 450.000000,
			"y" : 0.000000,
			"z" : 0.000000,
		},
		"color" :
		{
			"r" : 255,
			"g" : 255,
			"b" : 255,
		},
	},
	"light" :
	{
		"name": "l4",
		"pos" :
		{
			"x" : -450.000000,
			"y" : 0.000000,
			"z" : 0.000000,
		},
		"color" :
		{
			"r" : 255,
			"g" : 255,
			"b" : 255,
		},
	},
	"light" :
	{
		"name": "l5",
		"pos" :
		{
			"x" : 0.000000,
			"y" : -450.000000,
			"z" : 0.000000,
		},
		"color" :
		{
			"r" : 255,
			"g" : 255,
			"b" : 255,
		},
	},
	"light" :
	{
		"name": "l6",
		"pos" :
		{
			"x" : 0.000000,
			"y" : 0.000000,
			"z" : -450.000000,
		},
		"color" :
		{
			"r" : 255,
			"g" : 255,
			"b" : 255,
		},
	},
	"camera" :
	{
		"pos" :
		{
			"x" : 500.000000,
			"y" : 500.000000,
			"z" : 500.000000,
		},
		"dir" :
		{
			"x" : 0.000000,
			"y" : 0.000000,
			"z" : 0.000000,
		},
		"up" :
		{
			"x" : 0.000000,
			"y" : -1.000000,
			"z" : 0.000000,
		},
		"fov" : 60.000000
	},
	"image size" : [800, 500]
}
