{
	"anti-aliasing" : 1,
	"ambient" : 0.350000,
	"cube" :
	{
		"name": "cube_1",
		"radius" : 20.000000,
		"angle" : 0,
		"pos" :
		{
			"x" : 0.000000,
			"y" : 0.000000,
			"z" : 0.000000
		},
		"ind_refrac" : 1.330000,
		"ind_reflec" : 0.000000,
		"ind_transp" : 0.000000,
		"negatif" : 0,
		"color" :
		{
			"r" : 155,
			"g" : 155,
			"b" : 0
		},
		"dir" :
		{
			"x" : 0.577350,
			"y" : 0.577350,
			"z" : 0.577350
		},

	},
	"plane" :
	{
		"name": "sol",
		"pos" :
		{
			"x" : 50.000000,
			"y" : -150.000000,
			"z" : 50.000000
		},
		"ind_refrac" : 1.000000,
		"ind_reflec" : 0.000000,
		"ind_transp" : 0.000000,
		"negatif" : 0,
		"color" :
		{
			"r" : 255,
			"g" : 50,
			"b" : 18
		},
		"dir" :
		{
			"x" : 0.000000,
			"y" : 1.000000,
			"z" : 0.000000
		},

	},
	"light" :
	{
		"name": "light2",
		"pos" :
		{
			"x" : 70.000000,
			"y" : 70.000000,
			"z" : -250.000000,
		},
		"color" :
		{
			"r" : 255,
			"g" : 255,
			"b" : 255,
		},
	},
	"light" :
	{
		"name": "light3",
		"pos" :
		{
			"x" : 0.000000,
			"y" : 70.000000,
			"z" : -350.000000,
		},
		"color" :
		{
			"r" : 255,
			"g" : 255,
			"b" : 255,
		},
	},
	"light" :
	{
		"name": "light1",
		"pos" :
		{
			"x" : -70.000000,
			"y" : 70.000000,
			"z" : -250.000000,
		},
		"color" :
		{
			"r" : 255,
			"g" : 255,
			"b" : 255,
		},
	},
	"light" :
	{
		"name": "lightambiant",
		"pos" :
		{
			"x" : 0.000000,
			"y" : 140.000000,
			"z" : -400.000000,
		},
		"color" :
		{
			"r" : 0,
			"g" : 0,
			"b" : 0,
		},
	},
	"camera" :
	{
		"pos" :
		{
			"x" : 0.000000,
			"y" : 150.000000,
			"z" : -200.000000,
		},
		"dir" :
		{
			"x" : 0.000000,
			"y" : 0.000000,
			"z" : 0.000000,
		},
		"up" :
		{
			"x" : 0.000000,
			"y" : -1.000000,
			"z" : 0.000000,
		},
		"fov" : 60.000000
	},
	"image size" : [800, 400]
}
