{
	"anti-aliasing" : 1,
	"ambient" : 0.5,
	"plane" :
	{
		"name": "plan_sol",
		"pos" :
		{
			"x" : 0.000000,
			"y" : -250.000000,
			"z" : 0.000000
		},
		"ind_refrac" : 1.330000,
		"ind_reflec" : 0.000000,
		"ind_transp" : 0.000000,
		"negatif" : 0,
		"color" :
		{
			"r" : 255,
			"g" : 125,
			"b" : 30
		},
		"dir" :
		{
			"x" : 0.000000,
			"y" : 1.000000,
			"z" : 0.000000
		},
		"texture" : "texture_file/wow_grass.jpg"
	},
	"sphere" :
	{
		"name": "sphere_rigth",
		"radius" : 100.000000,
		"pos" :
		{
			"x" : 100.000000,
			"y" : -175.000000,
			"z" : 50.000000
		},
		"ind_refrac" : 1.330000,
		"ind_reflec" : 1.000000,
		"ind_transp" : 0.000000,
		"negatif" : 0,
		"color" :
		{
			"r" : 255,
			"g" : 255,
			"b" : 255
		},
	},
	"plane" :
	{
		"name": "plan_plafond",
		"pos" :
		{
			"x" : 0.000000,
			"y" : 2000.000000,
			"z" : 0.000000
		},
		"ind_refrac" : 1.330000,
		"ind_reflec" : 0.000000,
		"ind_transp" : 0.000000,
		"negatif" : 0,
		"color" :
		{
			"r" : 30,
			"g" : 120,
			"b" : 200
		},
		"dir" :
		{
			"x" : 0.000000,
			"y" : 1.000000,
			"z" : 0.000000
		},

	},
	"cube" :
	{
		"name": "murS",
		"radius" : 800.000000,
		"angle" : 0,
		"pos" :
		{
			"x" : -600.000000,
			"y" : -175.000000,
			"z" : 2500.000000
		},
		"ind_refrac" : 1.330000,
		"ind_reflec" : 0.000000,
		"ind_transp" : 0.000000,
		"negatif" : 0,
		"color" :
		{
			"r" : 0,
			"g" : 255,
			"b" : 255
		},
		"dir" :
		{
			"x" : 1.000000,
			"y" : 0.000000,
			"z" : 0.000000
		},
		"texture" : "texture_file/wow1.png"
	},
	"cube" :
	{
		"name": "toit",
		"radius" : 800.000000,
		"angle" : 0,
		"pos" :
		{
			"x" : -600.000000,
			"y" : 0.000000,
			"z" : 2500.000000
		},
		"ind_refrac" : 1.000000,
		"ind_reflec" : 0.000000,
		"ind_transp" : 0.000000,
		"negatif" : 0,
		"color" :
		{
			"r" : 200,
			"g" : 20,
			"b" : 20
		},
		"dir" :
		{
			"x" : 0.6,
			"y" : 0.4,
			"z" : 0.6
		},

	},
	"light" :
	{
		"name": "light1",
		"pos" :
		{
			"x" : -70.000000,
			"y" : 70.000000,
			"z" : -250.000000,
		},
		"color" :
		{
			"r" : 255,
			"g" : 255,
			"b" : 255,
		},
	},
	"light" :
	{
		"name": "light3",
		"pos" :
		{
			"x" : 0.000000,
			"y" : 70.000000,
			"z" : -350.000000,
		},
		"color" :
		{
			"r" : 255,
			"g" : 255,
			"b" : 255,
		},
	},
	"light" :
	{
		"name": "light2",
		"pos" :
		{
			"x" : 70.000000,
			"y" : 70.000000,
			"z" : -250.000000,
		},
		"color" :
		{
			"r" : 255,
			"g" : 255,
			"b" : 255,
		},
	},
	"camera" :
	{
		"pos" :
		{
			"x" : 0.000000,
			"y" : 150.000000,
			"z" : -700.000000,
		},
		"dir" :
		{
			"x" : 0.000000,
			"y" : 0.000000,
			"z" : 0.000000,
		},
		"up" :
		{
			"x" : 0.000000,
			"y" : -1,
			"z" : 0,
		},
		"fov" : 60.000000
	},
	"image size" : [800, 500]
}
