{
	"anti-aliasing" : 4,
	"ambient" : 0.000000,
	"sphere" :
	{
		"name": "sphere_center",
		"radius" : 30.000000,
		"pos" :
		{
			"x" : 0.000000,
			"y" : 100.000000,
			"z" : -100.000000
		},
		"ind_refrac" : 1.330000,
		"ind_reflec" : 0.000000,
		"ind_transp" : 0.000000,
		"negatif" : 0,
		"color" :
		{
			"r" : 0,
			"g" : 0,
			"b" : 255
		},
	},
	"cone" :
	{
		"name": "cone_1",
		"angle" : 40.000000,
		"radius" : 0,
		"pos" :
		{
			"x" : 0.000000,
			"y" : 100.000000,
			"z" : -100.000000
		},
		"ind_refrac" : 1.330000,
		"ind_reflec" : 0.000000,
		"ind_transp" : 0.000000,
		"negatif" : 0,
		"color" :
		{
			"r" : 0,
			"g" : 0,
			"b" : 255
		},
		"dir" :
		{
			"x" : 0.000000,
			"y" : 1.000000,
			"z" : 0.000000
		},

	},
	"plane" :
	{
		"name": "plan_3",
		"pos" :
		{
			"x" : 0.000000,
			"y" : 250.000000,
			"z" : 300.000000
		},
		"ind_refrac" : 1.330000,
		"ind_reflec" : 0.000000,
		"ind_transp" : 0.000000,
		"negatif" : 0,
		"color" :
		{
			"r" : 100,
			"g" : 100,
			"b" : 100
		},
		"dir" :
		{
			"x" : 0.000000,
			"y" : 1.000000,
			"z" : 0.000000
		},

	},
	"plane" :
	{
		"name": "plan_2",
		"pos" :
		{
			"x" : 0.000000,
			"y" : 50.000000,
			"z" : 300.000000
		},
		"ind_refrac" : 1.330000,
		"ind_reflec" : 0.000000,
		"ind_transp" : 0.000000,
		"negatif" : 0,
		"color" :
		{
			"r" : 100,
			"g" : 100,
			"b" : 100
		},
		"dir" :
		{
			"x" : 0.000000,
			"y" : 0.000000,
			"z" : 1.000000
		},

	},
	"plane" :
	{
		"name": "plan_1",
		"pos" :
		{
			"x" : 0.000000,
			"y" : -50.000000,
			"z" : 300.000000
		},
		"ind_refrac" : 1.330000,
		"ind_reflec" : 0.000000,
		"ind_transp" : 0.000000,
		"negatif" : 0,
		"color" :
		{
			"r" : 100,
			"g" : 100,
			"b" : 100
		},
		"dir" :
		{
			"x" : 0.000000,
			"y" : 1.000000,
			"z" : 0.000000
		},

	},
	"sphere" :
	{
		"name": "sphere_7",
		"radius" : 30.000000,
		"pos" :
		{
			"x" : -200.000000,
			"y" : -50.000000,
			"z" : -200.000000
		},
		"ind_refrac" : 1.330000,
		"ind_reflec" : 0.000000,
		"ind_transp" : 0.000000,
		"negatif" : 0,
		"color" :
		{
			"r" : 155,
			"g" : 0,
			"b" : 0
		},
	},
	"cylinder" :
	{
		"name": "cylindre_4",
		"radius" : 20.000000,
		"angle" : 0.000000,
		"pos" :
		{
			"x" : -200.000000,
			"y" : 100.000000,
			"z" : -200.000000
		},
		"ind_refrac" : 1.330000,
		"ind_reflec" : 0.000000,
		"ind_transp" : 0.000000,
		"negatif" : 0,
		"color" :
		{
			"r" : 155,
			"g" : 0,
			"b" : 0
		},
		"dir" :
		{
			"x" : 0.000000,
			"y" : 1.000000,
			"z" : 0.000000
		},

	},
	"sphere" :
	{
		"name": "sphere_6",
		"radius" : 30.000000,
		"pos" :
		{
			"x" : -200.000000,
			"y" : 250.000000,
			"z" : -200.000000
		},
		"ind_refrac" : 1.330000,
		"ind_reflec" : 0.000000,
		"ind_transp" : 0.000000,
		"negatif" : 0,
		"color" :
		{
			"r" : 155,
			"g" : 0,
			"b" : 0
		},
	},
	"sphere" :
	{
		"name": "sphere_5",
		"radius" : 30.000000,
		"pos" :
		{
			"x" : 200.000000,
			"y" : -50.000000,
			"z" : -200.000000
		},
		"ind_refrac" : 1.330000,
		"ind_reflec" : 0.000000,
		"ind_transp" : 0.000000,
		"negatif" : 0,
		"color" :
		{
			"r" : 155,
			"g" : 0,
			"b" : 0
		},
	},
	"cylinder" :
	{
		"name": "cylindre_3",
		"radius" : 20.000000,
		"angle" : 0.000000,
		"pos" :
		{
			"x" : 200.000000,
			"y" : 100.000000,
			"z" : -200.000000
		},
		"ind_refrac" : 1.330000,
		"ind_reflec" : 0.000000,
		"ind_transp" : 0.000000,
		"negatif" : 0,
		"color" :
		{
			"r" : 155,
			"g" : 0,
			"b" : 0
		},
		"dir" :
		{
			"x" : 0.000000,
			"y" : 1.000000,
			"z" : 0.000000
		},

	},
	"sphere" :
	{
		"name": "sphere_4b",
		"radius" : 30.000000,
		"pos" :
		{
			"x" : 200.000000,
			"y" : -50.000000,
			"z" : 200.000000
		},
		"ind_refrac" : 1.330000,
		"ind_reflec" : 0.000000,
		"ind_transp" : 0.000000,
		"negatif" : 0,
		"color" :
		{
			"r" : 155,
			"g" : 0,
			"b" : 0
		},
	},
	"sphere" :
	{
		"name": "sphere_4",
		"radius" : 30.000000,
		"pos" :
		{
			"x" : 200.000000,
			"y" : 250.000000,
			"z" : -200.000000
		},
		"ind_refrac" : 1.330000,
		"ind_reflec" : 0.000000,
		"ind_transp" : 0.000000,
		"negatif" : 0,
		"color" :
		{
			"r" : 155,
			"g" : 0,
			"b" : 0
		},
	},
	"cylinder" :
	{
		"name": "cylinder",
		"radius" : 20.000000,
		"angle" : 0.000000,
		"pos" :
		{
			"x" : 200.000000,
			"y" : 100.000000,
			"z" : 200.000000
		},
		"ind_refrac" : 1.330000,
		"ind_reflec" : 0.000000,
		"ind_transp" : 0.000000,
		"negatif" : 0,
		"color" :
		{
			"r" : 155,
			"g" : 0,
			"b" : 0
		},
		"dir" :
		{
			"x" : 0.000000,
			"y" : 1.000000,
			"z" : 0.000000
		},

	},
	"sphere" :
	{
		"name": "sphere",
		"radius" : 30.000000,
		"pos" :
		{
			"x" : 200.000000,
			"y" : 250.000000,
			"z" : 200.000000
		},
		"ind_refrac" : 1.330000,
		"ind_reflec" : 0.000000,
		"ind_transp" : 0.000000,
		"negatif" : 0,
		"color" :
		{
			"r" : 155,
			"g" : 0,
			"b" : 0
		},
	},
	"sphere" :
	{
		"name": "sphere",
		"radius" : 30.000000,
		"pos" :
		{
			"x" : -200.000000,
			"y" : -50.000000,
			"z" : 200.000000
		},
		"ind_refrac" : 1.330000,
		"ind_reflec" : 0.000000,
		"ind_transp" : 0.000000,
		"negatif" : 0,
		"color" :
		{
			"r" : 155,
			"g" : 0,
			"b" : 0
		},
	},
	"cylinder" :
	{
		"name": "cylinder",
		"radius" : 20.000000,
		"angle" : 0.000000,
		"pos" :
		{
			"x" : -200.000000,
			"y" : 100.000000,
			"z" : 200.000000
		},
		"ind_refrac" : 1.330000,
		"ind_reflec" : 0.000000,
		"ind_transp" : 0.000000,
		"negatif" : 0,
		"color" :
		{
			"r" : 155,
			"g" : 0,
			"b" : 0
		},
		"dir" :
		{
			"x" : 0.000000,
			"y" : 1.000000,
			"z" : 0.000000
		},

	},
	"sphere" :
	{
		"name": "sphere_1",
		"radius" : 30.000000,
		"pos" :
		{
			"x" : -200.000000,
			"y" : 255.000000,
			"z" : 200.000000
		},
		"ind_refrac" : 1.330000,
		"ind_reflec" : 0.000000,
		"ind_transp" : 0.000000,
		"negatif" : 0,
		"color" :
		{
			"r" : 155,
			"g" : 0,
			"b" : 0
		},
	},
	"light" :
	{
		"name": "light2",
		"pos" :
		{
			"x" : 70.000000,
			"y" : 70.000000,
			"z" : -250.000000,
		},
		"color" :
		{
			"r" : 255,
			"g" : 255,
			"b" : 255,
		},
	},
	"light" :
	{
		"name": "light3",
		"pos" :
		{
			"x" : 0.000000,
			"y" : 70.000000,
			"z" : -350.000000,
		},
		"color" :
		{
			"r" : 255,
			"g" : 255,
			"b" : 255,
		},
	},
	"light" :
	{
		"name": "light1",
		"pos" :
		{
			"x" : -70.000000,
			"y" : 70.000000,
			"z" : -250.000000,
		},
		"color" :
		{
			"r" : 255,
			"g" : 255,
			"b" : 255,
		},
	},
	"camera" :
	{
		"pos" :
		{
			"x" : 0.000000,
			"y" : 150.000000,
			"z" : -700.000000,
		},
		"dir" :
		{
			"x" : 0.000000,
			"y" : 0.000000,
			"z" : 0.000000,
		},
		"up" :
		{
			"x" : 0.000000,
			"y" : -1.000000,
			"z" : 0.000000,
		},
		"fov" : 60.000000,
		"dist" : 60.000000,
	},
	"image size" : [800, 400]
}