{
	"anti-aliasing" : 1,
	"ambient" : 0.000000,
	"sphere" :
	{
		"name": "sphere_left",
		"radius" : 100.000000,
		"pos" :
		{
			"x" : -100.000000,
			"y" : -175.000000,
			"z" : 50.000000
		},
		"ind_refrac" : 1.330000,
		"ind_reflec" : 1.000000,
		"ind_transp" : 0.000000,
		"negatif" : 0,
		"color" :
		{
			"r" : 0,
			"g" : 255,
			"b" : 255
		},
	},
	"sphere" :
	{
		"name": "sphere_rigth",
		"radius" : 100.000000,
		"pos" :
		{
			"x" : 100.000000,
			"y" : -175.000000,
			"z" : 50.000000
		},
		"ind_refrac" : 1.330000,
		"ind_reflec" : 1.000000,
		"ind_transp" : 0.000000,
		"negatif" : 0,
		"color" :
		{
			"r" : 255,
			"g" : 255,
			"b" : 255
		},
	},
	"plane" :
	{
		"name": "plan_plafond",
		"pos" :
		{
			"x" : 0.000000,
			"y" : 250.000000,
			"z" : 0.000000
		},
		"ind_refrac" : 1.330000,
		"ind_reflec" : 0.000000,
		"ind_transp" : 0.000000,
		"negatif" : 0,
		"color" :
		{
			"r" : 123,
			"g" : 183,
			"b" : 255
		},
		"dir" :
		{
			"x" : 0.000000,
			"y" : 1.000000,
			"z" : 0.000000
		},

	},
	"plane" :
	{
		"name": "plan_sol",
		"pos" :
		{
			"x" : 0.000000,
			"y" : -250.000000,
			"z" : 0.000000
		},
		"ind_refrac" : 1.330000,
		"ind_reflec" : 0.000000,
		"ind_transp" : 0.000000,
		"negatif" : 0,
		"color" :
		{
			"r" : 30,
			"g" : 30,
			"b" : 30
		},
		"dir" :
		{
			"x" : 0.000000,
			"y" : 1.000000,
			"z" : 0.000000
		},

	},
	"square" :
	{
		"name": "carre_left",
		"radius" : 500.000000,
		"pos" :
		{
			"x" : 375.000000,
			"y" : 0.000000,
			"z" : 0.000000
		},
		"ind_refrac" : 1.330000,
		"ind_reflec" : 0.500000,
		"ind_transp" : 0.000000,
		"negatif" : 0,
		"color" :
		{
			"r" : 255,
			"g" : 125,
			"b" : 30
		},
		"angle" : 0,
		"dir" :
		{
			"x" : 1.000000,
			"y" : 0.000000,
			"z" : 0.000000
		},

	},
	"square" :
	{
		"name": "carre_right",
		"radius" : 500.000000,
		"pos" :
		{
			"x" : -375.000000,
			"y" : 0.000000,
			"z" : 0.000000
		},
		"ind_refrac" : 1.330000,
		"ind_reflec" : 0.500000,
		"ind_transp" : 0.200000,
		"negatif" : 0,
		"color" :
		{
			"r" : 255,
			"g" : 125,
			"b" : 30
		},
		"angle" : 0,
		"dir" :
		{
			"x" : 0.980580,
			"y" : 0.000000,
			"z" : 0.196116
		},

	},
	"light" :
	{
		"name": "light2",
		"pos" :
		{
			"x" : 70.000000,
			"y" : 70.000000,
			"z" : -250.000000,
		},
		"color" :
		{
			"r" : 255,
			"g" : 255,
			"b" : 255,
		},
	},
	"light" :
	{
		"name": "light3",
		"pos" :
		{
			"x" : 0.000000,
			"y" : 70.000000,
			"z" : -350.000000,
		},
		"color" :
		{
			"r" : 255,
			"g" : 255,
			"b" : 255,
		},
	},
	"light" :
	{
		"name": "light1",
		"pos" :
		{
			"x" : -70.000000,
			"y" : 70.000000,
			"z" : -250.000000,
		},
		"color" :
		{
			"r" : 255,
			"g" : 255,
			"b" : 255,
		},
	},
	"camera" :
	{
		"pos" :
		{
			"x" : 0.000000,
			"y" : 150.000000,
			"z" : -700.000000,
		},
		"dir" :
		{
			"x" : 0.000000,
			"y" : 0.000000,
			"z" : 0.000000,
		},
		"up" :
		{
			"x" : 0.000000,
			"y" : -1.000000,
			"z" : 0.000000,
		},
		"fov" : 60.000000,
		"dist" : 60.000000,
	},
	"image size" : [800, 500]
}
