{
	"anti-aliasing" : 1,
	"ambient" : 0.109998,
	"sphere" :
	{
		"name": "boule",
		"radius" : 50.000000,
		"pos" :
		{
			"x" : 0.000000,
			"y" : 0.000000,
			"z" : 0.000000
		},
		"ind_refrac" : 1.000000,
		"ind_reflec" : 0.000000,
		"ind_transp" : 0.000000,
		"negatif" : 0,
		"color" :
		{
			"r" : 255,
			"g" : 0,
			"b" : 0
		},
	},
	"plane" :
	{
		"name": "plan",
		"pos" :
		{
			"x" : 200.000000,
			"y" : 0.000000,
			"z" : 0.000000
		},
		"ind_refrac" : 0.000000,
		"ind_reflec" : 0.000000,
		"ind_transp" : 0.000000,
		"negatif" : 0,
		"color" :
		{
			"r" : 255,
			"g" : 255,
			"b" : 255
		},
		"dir" :
		{
			"x" : 1.000000,
			"y" : 0.000000,
			"z" : 0.000000
		},

	},
	"light" :
	{
		"name": "lumiere",
		"pos" :
		{
			"x" : -200.000000,
			"y" : 0.000000,
			"z" : 0.000000,
		},
		"color" :
		{
			"r" : 255,
			"g" : 255,
			"b" : 255,
		},
	},
	"light" :
	{
		"name": "lumiere",
		"pos" :
		{
			"x" : -200.000000,
			"y" : -200.000000,
			"z" : 0.000000,
		},
		"color" :
		{
			"r" : 255,
			"g" : 255,
			"b" : 255,
		},
	},
	"camera" :
	{
		"pos" :
		{
			"x" : 0.000000,
			"y" : 150.000000,
			"z" : -700.000000,
		},
		"dir" :
		{
			"x" : 0.000000,
			"y" : 0.000000,
			"z" : 0.000000,
		},
		"up" :
		{
			"x" : 0.000000,
			"y" : -1.000000,
			"z" : 0.000000,
		},
		"fov" : 60.000000,
		"dist" : 150.000000,
	},
	"image size" : [800, 800]
}